Distance_km,Order_Size,Traffic,Weather,Time_of_Day,Cuisine_Type,Order_Value_INR,Restaurant_Popularity,Rider_Experience_years,Vehicle_Type,Delivery_Time
7.8,7,Low,Clear,Evening,Italian,571,Medium,1,Bike,54.6
19.04,4,Medium,Rainy,Evening,Indian,1389,Low,1,Electric,108.8
14.77,6,Medium,Stormy,Night,Indian,117,Low,10,Scooter,65.8
12.17,3,Medium,Clear,Afternoon,Chinese,874,High,9,Scooter,72
3.54,7,Low,Stormy,Evening,Indian,1137,Medium,2,Electric,76
3.54,5,High,Clear,Evening,Mexican,779,Low,6,Bike,52.1
1.63,1,High,Clear,Night,Mexican,220,Medium,0,Scooter,34.8
17.39,7,Medium,Clear,Night,Indian,1461,Medium,7,Scooter,82.2
12.22,5,Low,Rainy,Afternoon,Mexican,825,Low,6,Bike,66.5
14.31,6,Low,Stormy,Morning,Indian,960,Medium,3,Cycle,85.1
0.9,6,Medium,Rainy,Afternoon,Chinese,431,Medium,4,Bike,46.9
19.41,1,Medium,Clear,Evening,Mexican,777,Medium,9,Scooter,93.4
16.73,2,Medium,Rainy,Afternoon,Mexican,701,Medium,0,Scooter,91.5
4.64,1,Medium,Clear,Afternoon,Indian,205,Medium,3,Electric,38.2
4.05,4,Medium,Rainy,Evening,Mexican,249,High,0,Scooter,78.8
4.08,7,Medium,Clear,Afternoon,Italian,1272,Medium,0,Bike,50.1
6.43,3,Medium,Clear,Night,Chinese,436,Low,9,Bike,37.5
10.73,2,High,Clear,Afternoon,Chinese,373,Low,0,Scooter,68
8.92,1,Low,Rainy,Afternoon,Mexican,807,Medium,6,Cycle,64.8
6.18,5,Medium,Clear,Afternoon,Mexican,1176,Medium,6,Bike,50.9
12.43,2,Medium,Rainy,Evening,Italian,187,Low,3,Cycle,84.3
3.22,7,Medium,Clear,Morning,Italian,908,Medium,1,Cycle,56.4
6.2,2,High,Rainy,Morning,Mexican,267,Low,2,Scooter,57.6
7.64,7,Medium,Rainy,Night,Mexican,151,Medium,7,Bike,74.9
9.39,1,High,Rainy,Morning,Italian,174,Medium,7,Bike,60.4
15.81,7,Low,Clear,Evening,Indian,1268,Medium,10,Bike,73.6
4.39,2,Low,Clear,Evening,Italian,265,Medium,10,Scooter,35.2
10.53,5,High,Clear,Afternoon,Indian,163,Low,5,Bike,70.4
12.05,6,Medium,Rainy,Evening,Chinese,713,Medium,9,Electric,86.3
1.41,2,Medium,Clear,Morning,Chinese,1282,Low,8,Bike,20.4
12.35,7,Low,Clear,Evening,Italian,467,High,10,Bike,80.5
3.83,6,Low,Clear,Afternoon,Indian,690,Low,8,Bike,19
1.77,7,High,Clear,Evening,Italian,156,High,3,Electric,74.8
19,5,Low,Rainy,Morning,Italian,729,Medium,0,Electric,99.9
19.33,7,Medium,Clear,Evening,Indian,909,Medium,0,Scooter,100.9
16.26,1,Medium,Rainy,Morning,Italian,899,Medium,9,Cycle,83.7
6.44,3,Medium,Clear,Afternoon,Chinese,565,High,4,Scooter,52.7
2.4,2,Low,Clear,Morning,Mexican,542,Low,1,Cycle,40.9
13.84,3,Medium,Clear,Morning,Mexican,249,Low,5,Scooter,69.7
9.08,7,Low,Clear,Evening,Italian,614,Medium,6,Bike,59.7
2.88,5,High,Clear,Afternoon,Indian,239,Low,0,Scooter,47
10.16,2,Medium,Rainy,Night,Indian,1173,Low,5,Bike,68.5
1.17,7,Medium,Clear,Night,Chinese,1453,High,7,Bike,51.4
18.23,6,High,Rainy,Evening,Indian,1458,High,4,Scooter,106.5
5.55,4,Medium,Clear,Morning,Indian,1311,Medium,6,Electric,48.1
13.42,7,Medium,Clear,Afternoon,Chinese,941,High,9,Bike,77.3
6.58,3,Medium,Rainy,Evening,Italian,1081,Medium,5,Cycle,79.4
10.64,2,Medium,Clear,Afternoon,Mexican,499,Low,3,Cycle,64.8
11.16,3,Medium,Clear,Morning,Chinese,983,Medium,6,Scooter,57.7
4.1,2,High,Clear,Evening,Italian,738,Medium,9,Bike,57.9
19.41,7,Medium,Clear,Evening,Chinese,775,High,8,Scooter,100.5
15.62,1,Medium,Rainy,Evening,Italian,1161,Low,9,Bike,102.6
18.82,6,High,Clear,Morning,Chinese,495,Medium,9,Bike,88.4
17.95,7,Medium,Rainy,Evening,Italian,545,Low,6,Scooter,100.7
12.16,3,Low,Rainy,Morning,Chinese,1394,Low,4,Electric,74.6
18.48,4,Medium,Clear,Morning,Italian,179,Low,6,Scooter,69.4
2.23,4,High,Stormy,Night,Chinese,780,High,2,Electric,79.7
4.32,5,Low,Clear,Morning,Mexican,1378,High,1,Scooter,44
1.38,2,Medium,Stormy,Afternoon,Mexican,955,Medium,10,Bike,58.3
6.84,3,Medium,Clear,Morning,Indian,865,Medium,4,Scooter,47.2
8.08,5,Medium,Rainy,Night,Italian,450,Medium,3,Bike,73.4
5.79,3,Low,Clear,Evening,Chinese,581,Low,4,Bike,46.6
16.66,2,Medium,Clear,Evening,Italian,1293,Low,7,Scooter,84.1
7.46,7,High,Rainy,Evening,Mexican,883,Medium,3,Bike,88.5
5.98,7,Medium,Rainy,Morning,Italian,821,Medium,8,Cycle,69.3
11.08,4,Medium,Clear,Afternoon,Chinese,239,Medium,6,Bike,54.7
3.25,7,High,Clear,Afternoon,Italian,122,Low,9,Electric,60.3
16.14,7,High,Rainy,Morning,Chinese,1449,Low,6,Cycle,105.7
1.95,1,Medium,Rainy,Afternoon,Mexican,628,Low,7,Scooter,37.6
19.74,4,Medium,Stormy,Night,Mexican,944,Medium,5,Scooter,111.8
15.56,5,Low,Rainy,Morning,Mexican,212,High,7,Bike,75.2
4.37,6,High,Stormy,Afternoon,Indian,1056,Medium,2,Cycle,87
0.61,1,High,Rainy,Morning,Mexican,1406,High,9,Scooter,57.1
16.4,5,Medium,Clear,Morning,Italian,906,Medium,9,Scooter,74.5
14.28,2,High,Clear,Night,Indian,277,Medium,0,Cycle,85.3
14.72,1,Medium,Rainy,Afternoon,Mexican,914,Low,5,Electric,83.4
15.54,5,Medium,Rainy,Afternoon,Italian,1173,High,0,Scooter,99.7
1.94,2,Low,Clear,Evening,Italian,669,Medium,8,Bike,33
7.49,4,High,Clear,Morning,Italian,1332,Low,1,Bike,50.8
2.76,6,Low,Stormy,Afternoon,Chinese,1008,Medium,10,Bike,52.6
17.33,2,High,Clear,Afternoon,Indian,1359,Medium,1,Scooter,79.7
12.65,7,High,Clear,Evening,Italian,973,Medium,6,Bike,85.3
6.95,3,High,Clear,Night,Chinese,284,High,1,Electric,68.5
1.74,2,Low,Clear,Evening,Mexican,534,Medium,9,Scooter,41.8
6.56,2,Medium,Clear,Afternoon,Italian,383,Medium,7,Cycle,58.7
6.84,6,Medium,Clear,Evening,Chinese,1372,Low,5,Scooter,75.4
14.73,3,Medium,Clear,Morning,Italian,1165,Low,6,Scooter,54.6
12.93,7,Low,Rainy,Morning,Indian,1047,Low,6,Cycle,75.1
17.8,5,High,Clear,Morning,Indian,521,Low,5,Bike,77.3
9.71,5,Medium,Rainy,Afternoon,Mexican,358,Medium,9,Scooter,66.6
2.83,2,Medium,Rainy,Evening,Italian,1159,Medium,10,Bike,55.9
14.41,3,Medium,Clear,Evening,Chinese,764,Low,8,Bike,70.1
15.34,3,Medium,Rainy,Night,Mexican,416,High,8,Cycle,102.5
11.44,7,Medium,Clear,Evening,Italian,963,Low,6,Bike,73.1
15.53,6,Medium,Rainy,Evening,Mexican,156,Medium,8,Scooter,91.9
10.13,4,High,Clear,Morning,Chinese,557,Low,9,Electric,63.9
10.69,5,Medium,Rainy,Morning,Mexican,756,Medium,2,Cycle,80.7
8.84,6,High,Rainy,Evening,Mexican,307,Low,2,Bike,76.1
1,1,High,Clear,Afternoon,Mexican,1479,Medium,0,Bike,43.5
2.6,5,Medium,Clear,Evening,Italian,393,Medium,4,Scooter,57
1.11,6,High,Rainy,Morning,Chinese,282,High,3,Scooter,66.4
12.91,5,Low,Rainy,Morning,Indian,385,Low,1,Bike,67.2
6.63,4,High,Clear,Afternoon,Italian,1177,Low,8,Cycle,59.6
10.42,1,Medium,Rainy,Morning,Indian,696,Low,2,Electric,66.2
18.2,4,High,Clear,Morning,Indian,892,Medium,7,Electric,88
5.36,7,High,Rainy,Evening,Italian,129,Low,5,Scooter,77.7
8.5,1,High,Clear,Morning,Italian,148,High,4,Cycle,74.6
15.23,2,High,Rainy,Evening,Chinese,724,Medium,0,Cycle,119.1
4.96,6,Medium,Clear,Afternoon,Chinese,1243,Medium,3,Scooter,61.3
2,1,Low,Clear,Morning,Mexican,1339,Medium,2,Bike,30.1
6.15,7,Medium,Clear,Afternoon,Indian,221,Low,0,Bike,48.1
3.64,7,Low,Clear,Evening,Chinese,854,Low,4,Cycle,50.5
18.63,4,Medium,Clear,Afternoon,Mexican,1379,Medium,5,Scooter,95.3
16.26,5,Medium,Clear,Evening,Chinese,643,Medium,1,Scooter,86.2
12.85,1,High,Rainy,Morning,Italian,1261,Low,2,Scooter,77.4
17.49,6,Medium,Clear,Evening,Chinese,287,Low,10,Bike,80.4
16.17,1,High,Clear,Morning,Indian,1410,High,5,Scooter,86.1
4.14,3,Low,Clear,Evening,Chinese,1152,Low,3,Bike,37.4
17.9,5,High,Clear,Evening,Indian,1418,High,8,Bike,101.5
11.02,6,High,Clear,Night,Italian,1047,Medium,4,Bike,72.7
16.25,6,Medium,Clear,Afternoon,Indian,609,Low,3,Cycle,90.7
17.97,2,Medium,Clear,Morning,Chinese,1413,Low,1,Bike,68.2
6.7,4,High,Clear,Morning,Mexican,486,Low,5,Bike,58.6
2.65,2,Low,Clear,Evening,Italian,565,Medium,9,Bike,34.7
4.94,6,Medium,Clear,Evening,Chinese,1081,Medium,1,Cycle,63.6
8.83,5,Medium,Clear,Evening,Italian,1171,Medium,6,Cycle,71.8
16.45,1,Low,Clear,Morning,Italian,1401,High,2,Bike,62.2
17.28,1,Medium,Stormy,Afternoon,Chinese,387,Medium,8,Scooter,97.5
0.64,5,Low,Clear,Morning,Chinese,1217,Low,10,Cycle,21.1
10.46,6,Low,Rainy,Night,Mexican,1134,Low,4,Electric,64.6
8.64,7,Low,Clear,Evening,Italian,189,High,7,Scooter,75.5
4.83,1,High,Rainy,Night,Italian,642,Low,10,Scooter,60
2.84,7,Medium,Rainy,Afternoon,Chinese,496,Low,5,Scooter,46
7.08,1,High,Clear,Evening,Indian,526,Medium,9,Bike,61.7
18.89,1,Medium,Stormy,Evening,Chinese,1476,Medium,7,Scooter,113.4
6.8,4,Medium,Clear,Afternoon,Italian,1000,High,10,Bike,55.2
10.62,4,Medium,Clear,Evening,Chinese,1105,Medium,2,Scooter,76.4
14.21,3,Medium,Rainy,Night,Mexican,1467,Low,2,Scooter,72
7.59,2,Low,Rainy,Night,Indian,628,High,4,Bike,61.9
19.45,5,Medium,Clear,Evening,Chinese,1223,Low,10,Scooter,87.9
19.27,5,Medium,Clear,Afternoon,Mexican,708,Medium,9,Electric,92.2
5.41,5,Medium,Clear,Afternoon,Italian,1317,Medium,2,Scooter,60.4
10.2,3,Medium,Clear,Night,Chinese,353,Low,7,Cycle,52.7
6.37,4,Low,Rainy,Morning,Italian,1427,Medium,9,Scooter,53.3
6.05,6,Low,Clear,Evening,Mexican,406,Low,7,Scooter,58.7
1.22,7,High,Clear,Evening,Italian,557,Medium,1,Electric,52.8
12.39,7,Medium,Clear,Evening,Mexican,1159,Medium,3,Electric,90.5
10.3,6,Low,Clear,Night,Mexican,651,Medium,9,Scooter,66
1.5,3,High,Clear,Afternoon,Mexican,951,High,0,Bike,47.4
5.93,6,Low,Rainy,Afternoon,Chinese,722,Low,3,Bike,48
18.21,5,Medium,Stormy,Morning,Italian,1139,Medium,10,Scooter,104.1
5.17,2,High,Rainy,Afternoon,Italian,420,Medium,3,Scooter,62.8
3.33,1,Medium,Clear,Afternoon,Indian,182,Low,9,Electric,43.6
10.04,7,Low,Rainy,Afternoon,Indian,520,Medium,8,Electric,75.2
19.72,4,Low,Rainy,Evening,Indian,764,Medium,2,Electric,90.8
5.22,4,Medium,Rainy,Night,Indian,335,Low,1,Bike,50
13.61,3,Low,Clear,Morning,Italian,597,Medium,8,Bike,62.3
15.35,4,Medium,Clear,Afternoon,Mexican,660,Low,8,Scooter,75
5.13,5,Low,Clear,Night,Mexican,180,Medium,0,Scooter,60.6
14.7,7,Medium,Clear,Morning,Chinese,917,Low,5,Scooter,66
7.67,6,High,Clear,Morning,Mexican,1338,High,9,Bike,76.5
12.83,5,High,Clear,Morning,Italian,312,Medium,7,Bike,68.9
12.85,3,Medium,Clear,Evening,Italian,937,Medium,2,Bike,80.4
10.95,5,Medium,Rainy,Morning,Italian,1031,Medium,10,Electric,80.2
2.26,6,Medium,Clear,Night,Chinese,687,High,8,Electric,34.9
16.79,2,Medium,Clear,Afternoon,Indian,1082,Medium,1,Electric,85.8
6.76,3,Medium,Stormy,Evening,Mexican,675,Low,5,Scooter,84.7
4.14,2,Low,Stormy,Morning,Italian,806,Medium,0,Bike,63.9
1.3,1,High,Rainy,Afternoon,Italian,110,High,6,Bike,72.5
12.02,2,Medium,Stormy,Evening,Indian,1068,Medium,2,Scooter,98.6
13.71,1,Low,Clear,Evening,Italian,1026,Medium,6,Electric,67
0.82,1,Medium,Stormy,Evening,Mexican,154,High,3,Electric,81.2
10.49,2,Medium,Clear,Evening,Chinese,616,High,8,Scooter,69.9
4.92,3,High,Clear,Night,Italian,1471,High,4,Scooter,64.9
13.08,6,High,Clear,Evening,Mexican,689,Low,2,Bike,88.5
3.9,5,High,Clear,Evening,Italian,803,Medium,7,Bike,64.7
13.97,5,Low,Clear,Morning,Indian,1374,Medium,5,Electric,72.5
8.04,6,Medium,Rainy,Morning,Italian,1104,Medium,1,Scooter,87.4
18.77,7,Medium,Rainy,Morning,Italian,915,Medium,2,Scooter,93.4
3.18,7,Low,Clear,Evening,Chinese,1217,Low,7,Scooter,41.3
7.15,1,Medium,Clear,Afternoon,Indian,1310,Medium,9,Scooter,49.9
2.71,1,High,Rainy,Afternoon,Indian,740,Medium,6,Scooter,52.9
18.53,3,Low,Rainy,Night,Chinese,765,Low,9,Electric,78
17.61,4,Medium,Clear,Night,Italian,640,Medium,5,Scooter,87.7
5.53,2,Medium,Rainy,Night,Mexican,1453,Low,0,Cycle,66.7
13.37,1,Low,Clear,Afternoon,Indian,1076,Medium,8,Scooter,57.6
16.44,5,Medium,Clear,Evening,Indian,217,Low,2,Scooter,84.3
11.33,3,High,Stormy,Afternoon,Italian,1308,Medium,4,Bike,91.1
10.83,2,High,Clear,Morning,Italian,773,Medium,6,Bike,73.9
5.22,3,High,Clear,Morning,Indian,196,Medium,6,Bike,59.9
2.32,2,Medium,Rainy,Afternoon,Italian,870,Medium,2,Cycle,66.7
18,2,Low,Rainy,Afternoon,Mexican,684,High,3,Scooter,84.3
18.06,6,Medium,Clear,Evening,Indian,1329,Low,9,Cycle,89.2
12.85,1,Medium,Clear,Morning,Mexican,386,Low,6,Scooter,59.2
7.11,3,High,Clear,Evening,Mexican,1257,High,7,Bike,67.4
7.31,3,Low,Rainy,Evening,Italian,881,Low,1,Scooter,63.6
14.66,6,Medium,Clear,Afternoon,Mexican,176,High,8,Bike,82
17.99,5,Low,Clear,Afternoon,Italian,1461,High,6,Scooter,91.4
17.8,5,Medium,Stormy,Afternoon,Chinese,818,Medium,7,Bike,97.8
15.71,7,High,Clear,Evening,Italian,507,High,5,Electric,113.7
13.02,1,Medium,Clear,Afternoon,Mexican,757,Low,5,Bike,54.3
2.14,1,Medium,Clear,Morning,Chinese,1301,Medium,8,Bike,27.1
3.65,4,Medium,Rainy,Morning,Italian,527,Medium,3,Electric,57.1
18.02,6,Medium,Clear,Evening,Mexican,370,Medium,10,Bike,89.3
12.33,5,High,Clear,Night,Indian,281,High,10,Scooter,64.8
0.68,2,High,Rainy,Afternoon,Indian,517,Low,4,Scooter,51.1
2.48,3,High,Clear,Evening,Italian,1192,Medium,8,Bike,65.2
13.44,1,High,Clear,Evening,Italian,760,Medium,0,Bike,88
0.6,3,Medium,Clear,Night,Indian,418,Medium,3,Scooter,35.9
3.64,3,Medium,Clear,Evening,Mexican,333,Low,6,Scooter,41.5
11.2,4,Medium,Clear,Evening,Mexican,566,Medium,10,Electric,62.1
13.99,5,Medium,Clear,Evening,Mexican,1416,High,8,Scooter,77.8
13.21,1,High,Clear,Night,Italian,580,Low,10,Cycle,71.7
4.87,3,Low,Clear,Afternoon,Chinese,1483,High,9,Scooter,57.9
14.39,1,High,Rainy,Afternoon,Chinese,779,Medium,5,Bike,68.2
5.13,2,Medium,Stormy,Morning,Chinese,351,Medium,7,Scooter,67.8
6.85,4,Medium,Rainy,Evening,Chinese,1348,Medium,8,Bike,64.2
15.06,2,Medium,Rainy,Evening,Chinese,744,Low,9,Scooter,80.2
13.17,1,High,Clear,Morning,Italian,1094,Medium,3,Bike,66
17.06,7,Medium,Stormy,Evening,Italian,1477,High,0,Bike,113.9
13.32,1,Medium,Clear,Afternoon,Chinese,170,Medium,7,Scooter,66.4
11.58,5,Low,Stormy,Morning,Italian,235,High,1,Bike,88.4
2.33,3,Medium,Stormy,Night,Italian,1109,Medium,10,Cycle,70.3
7.67,3,Low,Rainy,Morning,Chinese,495,Low,0,Scooter,42.6
5.67,2,High,Stormy,Morning,Mexican,358,Medium,6,Bike,76.8
5.26,4,Medium,Clear,Evening,Italian,155,High,9,Scooter,70.1
19.47,7,Medium,Clear,Evening,Mexican,131,Medium,8,Bike,97.9
8.17,6,Low,Clear,Morning,Italian,1184,High,10,Scooter,53.9
17.89,3,Low,Clear,Evening,Italian,288,High,8,Scooter,89.3
12.81,5,High,Clear,Evening,Chinese,755,Medium,2,Scooter,86.4
16,2,Low,Rainy,Morning,Italian,948,Low,5,Bike,74.8
10.3,2,Low,Stormy,Morning,Indian,700,Medium,6,Cycle,72
11.75,6,Low,Clear,Evening,Indian,138,Medium,9,Bike,64.6
10.1,5,High,Rainy,Afternoon,Chinese,1197,Medium,8,Scooter,69.5
4.31,4,High,Stormy,Night,Mexican,115,Medium,1,Scooter,80
14.59,5,Medium,Stormy,Evening,Mexican,1167,Medium,7,Bike,96.3
5.98,4,Medium,Stormy,Night,Mexican,1351,Medium,6,Bike,73.4
0.97,5,Medium,Clear,Afternoon,Indian,706,Medium,3,Scooter,46.9
13.09,5,High,Stormy,Night,Mexican,850,Medium,1,Bike,96
3.95,1,Medium,Rainy,Afternoon,Mexican,768,Medium,7,Scooter,53.4
18.84,2,Low,Clear,Afternoon,Chinese,645,Medium,10,Bike,70.1
19.1,5,Low,Clear,Morning,Mexican,1342,Medium,4,Electric,82.1
18.34,6,Low,Rainy,Morning,Indian,1352,High,5,Electric,98.6
7.72,5,Medium,Clear,Evening,Indian,570,Medium,10,Bike,63.7
0.8,3,High,Rainy,Afternoon,Indian,961,Medium,6,Scooter,51.6
18.6,2,Medium,Rainy,Morning,Chinese,1398,Medium,9,Bike,93.7
8.85,3,Low,Clear,Evening,Chinese,1447,Low,0,Bike,58.1
19.35,2,Low,Clear,Afternoon,Italian,813,Low,7,Scooter,79.6
19.29,3,High,Rainy,Evening,Mexican,734,High,3,Cycle,126
17.13,5,Medium,Clear,Afternoon,Chinese,490,Medium,8,Electric,85
6.24,5,High,Clear,Evening,Indian,1442,Medium,0,Electric,72.4
8.01,1,Medium,Clear,Evening,Indian,300,Medium,10,Scooter,53.9
17.1,6,Medium,Clear,Afternoon,Chinese,912,Low,1,Bike,85
6.68,3,Medium,Stormy,Afternoon,Chinese,496,Medium,5,Bike,72.8
3.81,4,Low,Clear,Afternoon,Chinese,491,Medium,10,Scooter,35.7
11.36,1,Medium,Rainy,Evening,Italian,667,Medium,9,Cycle,78.4
18.76,3,High,Clear,Afternoon,Indian,1498,Medium,10,Bike,93.7
14.07,3,Medium,Clear,Morning,Italian,177,Low,0,Cycle,75.4
11.62,1,Medium,Rainy,Morning,Italian,910,Low,3,Scooter,60.4
2.39,5,Low,Rainy,Afternoon,Mexican,216,High,7,Bike,52.8
12.49,3,High,Clear,Afternoon,Indian,316,Medium,9,Electric,72.1
19.81,5,High,Clear,Evening,Indian,715,Medium,4,Bike,99.2
3.23,1,Medium,Clear,Morning,Chinese,815,Low,8,Bike,33.2
10.61,5,High,Clear,Afternoon,Chinese,462,Low,10,Scooter,63.8
17.61,2,Medium,Rainy,Evening,Mexican,543,Medium,10,Scooter,92.2
14.94,4,Medium,Clear,Evening,Italian,222,Medium,5,Bike,90.5
14.09,7,High,Clear,Afternoon,Chinese,525,Medium,0,Scooter,77.3
14.2,3,High,Clear,Afternoon,Chinese,1453,Low,5,Electric,75.7
7.51,6,Medium,Stormy,Afternoon,Indian,1423,Medium,5,Scooter,84.3
6.23,4,Low,Stormy,Night,Indian,569,Low,5,Cycle,68.3
16.28,7,Medium,Clear,Morning,Chinese,899,Low,7,Scooter,80.1
16.3,5,High,Rainy,Night,Indian,1373,Medium,5,Electric,109.4
17.41,3,Medium,Clear,Evening,Mexican,109,Low,4,Scooter,93.8
18.31,5,Medium,Clear,Evening,Chinese,1235,Low,10,Scooter,77.3
10.47,2,Medium,Rainy,Morning,Indian,1428,Medium,1,Scooter,59.9
10.28,1,Medium,Stormy,Afternoon,Mexican,228,Medium,3,Bike,81.4
16.07,3,Medium,Stormy,Afternoon,Indian,326,High,9,Scooter,92.1
13.17,7,High,Clear,Morning,Indian,1445,Medium,4,Scooter,67.5
14.19,7,Medium,Clear,Evening,Indian,853,Low,9,Scooter,78.5
16.02,2,Low,Rainy,Night,Chinese,120,Low,3,Bike,73.6
17.86,2,Low,Clear,Evening,Italian,461,High,1,Scooter,100.3
7.09,3,High,Clear,Evening,Indian,730,Medium,6,Scooter,71.2
7.82,5,Medium,Clear,Morning,Mexican,1070,Medium,9,Scooter,66.2
2.33,6,Medium,Rainy,Afternoon,Chinese,1126,Low,9,Bike,49.6
11.78,7,High,Clear,Morning,Chinese,1494,Medium,1,Bike,69.5
1.2,7,High,Clear,Evening,Mexican,503,Low,0,Bike,61.4
9.58,2,High,Stormy,Night,Indian,854,Medium,4,Electric,94.6
11.08,4,High,Clear,Evening,Italian,847,High,0,Electric,96.1
6.09,2,Medium,Clear,Morning,Indian,668,High,0,Scooter,64.9
12.02,6,High,Clear,Afternoon,Mexican,337,Medium,0,Bike,79.3
1.09,5,Medium,Clear,Evening,Chinese,1468,Medium,5,Bike,50.5
1.23,5,High,Clear,Afternoon,Italian,1295,High,8,Electric,57.7
16.54,4,High,Clear,Evening,Chinese,798,Medium,9,Cycle,111.2
7.52,7,High,Rainy,Evening,Mexican,945,Low,10,Bike,81.4
2.98,2,Medium,Clear,Evening,Indian,418,Medium,0,Cycle,50.7
10.68,5,Low,Stormy,Afternoon,Italian,861,Low,4,Electric,88.9
15.51,6,Medium,Clear,Afternoon,Chinese,1073,Medium,8,Scooter,73.6
4.71,3,High,Clear,Morning,Chinese,821,Medium,8,Scooter,50.6
12.65,1,High,Clear,Afternoon,Chinese,1486,Medium,0,Scooter,77.9
2.16,1,Low,Clear,Afternoon,Indian,956,Medium,7,Scooter,32
1.51,1,Low,Rainy,Evening,Italian,619,Low,0,Bike,47.2
10.86,7,Low,Clear,Evening,Indian,1181,Medium,7,Scooter,59.7
11.04,2,High,Clear,Morning,Indian,339,High,0,Scooter,78.5
12.93,4,High,Rainy,Afternoon,Indian,638,Medium,4,Electric,95.5
14.66,5,Medium,Stormy,Morning,Mexican,586,Medium,7,Cycle,105.4
19.53,3,Medium,Rainy,Morning,Mexican,705,High,5,Bike,90.5
10.57,6,High,Clear,Evening,Mexican,1194,High,8,Scooter,83.7
6.8,3,High,Rainy,Morning,Italian,778,Low,0,Scooter,61.2
16.01,6,Medium,Clear,Afternoon,Indian,1212,Low,8,Bike,73.3
5.78,7,Medium,Clear,Morning,Indian,907,Medium,0,Bike,44.6
9.06,2,Medium,Clear,Night,Mexican,579,High,9,Scooter,55.5
2.03,1,Medium,Clear,Evening,Indian,1234,High,9,Electric,47.2
0.99,2,Medium,Clear,Morning,Indian,434,High,2,Electric,33.5
19.27,7,Medium,Clear,Evening,Chinese,414,Medium,0,Electric,102.5
16.8,4,High,Rainy,Evening,Indian,806,Medium,2,Cycle,98.2
14.07,4,Medium,Clear,Night,Chinese,465,Low,10,Scooter,67.1
8.47,7,High,Clear,Morning,Indian,113,Low,1,Bike,59.7
3.88,6,Low,Clear,Night,Italian,1008,Medium,1,Bike,40.4
3.55,5,Medium,Stormy,Night,Mexican,816,Medium,8,Scooter,63.8
5.38,5,Low,Clear,Night,Chinese,724,Medium,7,Bike,40.4
11.21,6,Medium,Clear,Evening,Mexican,1454,Medium,0,Scooter,83.6
14.43,4,High,Rainy,Evening,Chinese,900,Low,3,Cycle,108.2
13.37,4,High,Rainy,Afternoon,Chinese,1309,Medium,0,Scooter,97.5
5.96,4,Low,Clear,Evening,Chinese,295,Low,0,Bike,61.3
19.12,2,Medium,Rainy,Evening,Italian,897,Medium,3,Scooter,107.1
14.89,4,High,Rainy,Evening,Indian,1315,Medium,1,Bike,99.5
11.31,3,Medium,Rainy,Afternoon,Chinese,916,Medium,2,Bike,71.8
12.43,1,Medium,Clear,Evening,Italian,1105,High,10,Bike,73
8.68,4,High,Rainy,Evening,Chinese,621,Low,8,Electric,82.1
5.33,6,Medium,Clear,Morning,Indian,229,Medium,1,Bike,44.7
7.44,1,Low,Clear,Evening,Chinese,741,Medium,3,Electric,55.7
15.28,2,Medium,Clear,Evening,Italian,652,Medium,0,Scooter,85.1
0.78,6,High,Clear,Evening,Indian,1314,High,1,Scooter,61
2.76,1,Medium,Clear,Afternoon,Italian,442,Medium,4,Scooter,36.7
1.4,6,Low,Rainy,Afternoon,Indian,1453,High,9,Scooter,65.2
1.29,2,High,Clear,Night,Indian,1441,Low,0,Bike,30.9
17.18,3,Low,Clear,Afternoon,Mexican,447,High,10,Scooter,76
14.22,2,High,Clear,Evening,Mexican,587,Low,6,Bike,85.3
9.75,2,Medium,Clear,Afternoon,Mexican,1354,High,3,Bike,69.7
2.41,6,High,Stormy,Evening,Indian,1453,Medium,5,Bike,75.2
10.09,7,Medium,Clear,Afternoon,Chinese,721,Medium,7,Cycle,65.4
9.73,5,Medium,Clear,Evening,Italian,549,Medium,5,Bike,71.6
3.88,4,Low,Clear,Afternoon,Italian,837,High,1,Scooter,35.3
8.96,4,Medium,Clear,Morning,Italian,1063,Low,0,Scooter,58.4
8.27,3,High,Clear,Afternoon,Mexican,483,Medium,7,Bike,62.2
12.51,3,High,Rainy,Morning,Indian,1131,High,7,Bike,91
12.88,4,Medium,Stormy,Night,Mexican,172,Medium,8,Cycle,87.6
1.38,5,Medium,Clear,Night,Chinese,169,Low,5,Electric,37
7.8,4,High,Rainy,Afternoon,Indian,641,Medium,0,Cycle,85.1
12.7,7,High,Rainy,Evening,Italian,595,Medium,8,Cycle,105.7
10.31,5,Medium,Rainy,Afternoon,Mexican,542,High,2,Scooter,77
17.2,3,Medium,Clear,Evening,Mexican,787,Medium,10,Bike,78.6
13.34,1,Medium,Clear,Evening,Chinese,549,Medium,5,Bike,80.3
3.68,6,Medium,Clear,Night,Chinese,369,High,9,Scooter,55.3
1.88,7,Low,Rainy,Afternoon,Mexican,533,Medium,9,Scooter,37.8
13.03,7,Medium,Rainy,Evening,Chinese,1465,Low,10,Bike,87.4
1.02,3,Medium,Clear,Afternoon,Italian,676,Low,8,Scooter,24.6
11.92,3,High,Clear,Night,Chinese,723,Medium,10,Scooter,67.5
18.83,2,Low,Stormy,Morning,Chinese,907,Low,2,Bike,89.3
11.72,7,Medium,Rainy,Evening,Mexican,1477,High,4,Scooter,104.7
8.07,2,Medium,Stormy,Evening,Mexican,438,Medium,4,Electric,71.7
13.04,2,Medium,Rainy,Evening,Indian,1054,Low,9,Scooter,80.5
9.44,6,Low,Clear,Morning,Indian,1102,Medium,6,Bike,55.2
11.14,2,Medium,Clear,Night,Mexican,950,Medium,3,Cycle,66.7
18.86,5,Medium,Rainy,Morning,Chinese,224,High,10,Electric,100.2
8.03,4,Medium,Clear,Evening,Chinese,1048,High,3,Scooter,55
19.24,1,Medium,Clear,Morning,Indian,190,Medium,6,Bike,58.5
18.15,3,Medium,Rainy,Afternoon,Indian,935,Medium,8,Bike,93.7
4.32,5,High,Clear,Evening,Indian,1135,Medium,10,Cycle,63.1
1.85,1,Medium,Rainy,Afternoon,Italian,395,Medium,3,Cycle,55.3
2.47,7,High,Clear,Morning,Italian,1278,Low,3,Bike,50.3
0.86,7,Medium,Stormy,Morning,Indian,142,Low,5,Electric,55.4
2.34,7,Low,Clear,Afternoon,Chinese,1281,Medium,5,Scooter,37.6
13.82,5,Low,Clear,Evening,Indian,744,Low,6,Scooter,68.8
1.89,5,Medium,Rainy,Night,Italian,405,Low,0,Bike,42.2
6.72,3,High,Clear,Morning,Chinese,287,Medium,10,Scooter,61.3
16.98,4,High,Rainy,Afternoon,Italian,1435,Low,2,Electric,96.9
0.95,2,High,Rainy,Morning,Chinese,202,Medium,8,Bike,41.6
16.38,7,Medium,Clear,Morning,Italian,379,Medium,5,Bike,73.6
6,6,Medium,Clear,Evening,Chinese,587,High,5,Scooter,70.2
2.8,4,Low,Clear,Evening,Chinese,968,Medium,4,Scooter,42.8
14.09,6,Medium,Clear,Morning,Chinese,863,Low,10,Bike,53.9
12.76,3,Medium,Stormy,Morning,Chinese,276,Medium,2,Electric,85.6
17.61,3,Low,Rainy,Morning,Mexican,506,High,10,Electric,81.7
14.83,3,Medium,Rainy,Evening,Italian,434,High,4,Scooter,107.8
16.17,1,Medium,Rainy,Night,Italian,399,Medium,0,Scooter,88.7
6,6,High,Clear,Morning,Mexican,676,Medium,2,Scooter,72.2
3.96,4,High,Stormy,Morning,Chinese,1086,High,3,Electric,77.8
15.14,4,High,Rainy,Night,Chinese,404,Low,4,Scooter,85.7
16.23,5,Medium,Rainy,Night,Italian,613,Medium,9,Scooter,91
19.81,5,Medium,Rainy,Afternoon,Mexican,647,Medium,8,Scooter,101.9
8.55,7,Medium,Clear,Morning,Chinese,1467,Low,3,Scooter,61.4
7.75,5,High,Rainy,Morning,Chinese,1437,Medium,2,Electric,71.4
15.64,3,Low,Clear,Evening,Chinese,1220,Low,9,Bike,60
7.15,4,Medium,Clear,Afternoon,Indian,438,Medium,0,Scooter,55.7
18.65,6,High,Clear,Morning,Mexican,195,High,9,Scooter,106.1
17.24,3,Medium,Stormy,Evening,Chinese,544,Low,5,Scooter,95.6
8.87,1,Medium,Rainy,Morning,Indian,474,High,6,Scooter,64.9
15.14,5,Medium,Rainy,Evening,Mexican,808,Low,9,Scooter,92.3
15.21,3,Low,Rainy,Afternoon,Chinese,1189,Medium,7,Bike,77.4
2.51,3,Medium,Clear,Morning,Italian,1302,Low,0,Scooter,43.1
18.1,1,Medium,Stormy,Evening,Indian,1283,High,3,Scooter,113.4
10.35,2,Low,Clear,Afternoon,Indian,604,Medium,10,Scooter,42.5
16.62,4,Low,Clear,Night,Chinese,1062,Medium,4,Bike,65
6.74,6,High,Clear,Evening,Chinese,538,High,1,Bike,86
17.96,7,Medium,Rainy,Afternoon,Indian,185,Medium,0,Bike,102
8.09,2,Medium,Rainy,Evening,Italian,1082,High,7,Bike,70
0.71,5,Medium,Clear,Afternoon,Italian,114,Medium,5,Bike,46.5
18.15,3,High,Clear,Night,Mexican,673,High,4,Scooter,104.3
2.28,1,Medium,Rainy,Afternoon,Chinese,561,Medium,8,Electric,49.7
6.73,1,Medium,Clear,Evening,Italian,1071,Low,10,Scooter,53.9
19.03,4,High,Rainy,Morning,Mexican,1173,Medium,10,Cycle,109.6
19.04,2,High,Stormy,Afternoon,Italian,526,Low,1,Bike,102.8
11.68,7,Low,Clear,Evening,Chinese,1236,Medium,9,Cycle,88.3
12.82,4,High,Clear,Evening,Mexican,511,Medium,7,Electric,93.2
9.24,3,Medium,Rainy,Morning,Mexican,725,Medium,10,Cycle,73.8
6.22,4,Medium,Rainy,Morning,Mexican,1118,Low,9,Electric,55.9
6.91,6,Low,Clear,Evening,Italian,1070,Low,8,Bike,53.4
13.61,1,Low,Stormy,Night,Chinese,1482,Medium,0,Electric,74.2
15.17,1,High,Clear,Morning,Mexican,415,High,6,Electric,97.3
15.94,5,Medium,Clear,Afternoon,Indian,1027,Medium,7,Electric,85.9
15.9,5,Medium,Rainy,Afternoon,Chinese,954,Medium,2,Bike,97.8
2.28,7,High,Rainy,Night,Indian,1381,Medium,3,Scooter,64.6
10.14,3,High,Clear,Morning,Indian,319,Medium,2,Scooter,64.5
1.62,6,Low,Rainy,Morning,Mexican,1153,Low,6,Bike,33.4
11.22,2,Medium,Clear,Evening,Mexican,896,Medium,8,Electric,76.1
9.11,4,Low,Clear,Morning,Italian,485,Low,2,Bike,43.5
17.81,7,High,Clear,Afternoon,Italian,764,High,5,Electric,103.9
7.34,3,Medium,Rainy,Afternoon,Italian,567,Low,7,Bike,61.9
2.78,5,High,Clear,Afternoon,Chinese,911,Medium,5,Scooter,49.5
3.29,4,Low,Clear,Afternoon,Italian,1345,Low,1,Scooter,43.9
15.35,5,Low,Clear,Evening,Indian,897,Low,6,Scooter,70.2
12.56,4,Medium,Rainy,Morning,Italian,984,Medium,1,Scooter,71.7
2.47,2,Medium,Rainy,Evening,Mexican,826,Low,1,Bike,50.6
2.14,3,Medium,Rainy,Evening,Italian,172,Low,1,Electric,68.1
14.17,4,High,Clear,Evening,Chinese,426,Medium,10,Bike,76.8
1.92,6,Medium,Rainy,Morning,Chinese,789,Low,0,Cycle,62.2
16.53,7,Medium,Clear,Morning,Indian,534,Low,10,Scooter,72.5
14.27,1,High,Rainy,Afternoon,Chinese,354,High,0,Scooter,95.1
2.09,6,Medium,Stormy,Afternoon,Italian,806,Medium,6,Bike,80.7
2.15,6,High,Clear,Afternoon,Mexican,552,High,4,Scooter,54.3
19.74,7,Low,Rainy,Evening,Chinese,461,High,10,Scooter,100.4
7.8,1,Medium,Clear,Morning,Indian,750,Medium,2,Cycle,56.7
7.73,6,Low,Clear,Morning,Italian,287,Low,0,Scooter,63.8
16.35,4,Low,Clear,Afternoon,Indian,1399,Medium,10,Electric,68.7
18.97,4,High,Clear,Evening,Chinese,1315,High,9,Scooter,105.7
19.73,4,Low,Clear,Morning,Chinese,1091,Medium,5,Scooter,74.3
15.19,1,Medium,Rainy,Evening,Indian,249,Medium,10,Scooter,86.6
7.84,6,Medium,Clear,Afternoon,Italian,1186,Low,0,Scooter,58.9
2.13,1,Medium,Rainy,Night,Chinese,1231,High,8,Bike,55.2
15.65,4,High,Clear,Night,Mexican,1175,Medium,1,Bike,89.2
11.39,7,Low,Clear,Afternoon,Chinese,260,High,0,Cycle,77.6
8.77,6,Medium,Rainy,Morning,Italian,1001,Low,6,Bike,57.6
18.17,6,High,Clear,Afternoon,Chinese,1268,Low,5,Scooter,89
2.67,5,Medium,Clear,Morning,Indian,908,Low,5,Bike,43.6
10.11,5,High,Rainy,Evening,Chinese,1005,Medium,4,Scooter,84.4
0.72,2,Low,Clear,Evening,Chinese,742,Low,10,Scooter,29.8
9.64,3,Medium,Clear,Evening,Italian,840,Low,3,Bike,56.6
1.6,5,Medium,Clear,Evening,Indian,148,High,10,Bike,45.3
2.82,1,High,Stormy,Afternoon,Italian,995,Low,3,Bike,71.5
2.79,5,High,Rainy,Morning,Chinese,214,High,2,Scooter,73.4
13.16,2,Medium,Rainy,Evening,Mexican,709,Medium,9,Scooter,85.6
15.05,6,Medium,Rainy,Afternoon,Chinese,510,High,7,Electric,82.5
11.88,2,Low,Clear,Evening,Italian,864,Medium,6,Scooter,61.8
19.26,6,Medium,Clear,Afternoon,Mexican,287,High,8,Scooter,99
7.81,7,Medium,Rainy,Morning,Italian,1068,High,0,Scooter,72.3
6.07,7,High,Clear,Night,Italian,1213,Low,6,Scooter,58
17.44,6,Medium,Clear,Morning,Indian,329,Low,9,Scooter,77.8
4.86,3,Medium,Clear,Night,Mexican,246,Low,3,Cycle,41.8
19.28,5,Low,Clear,Night,Chinese,304,Medium,6,Cycle,74
0.74,1,Low,Stormy,Evening,Italian,1328,High,0,Electric,59.4
19.41,1,Medium,Clear,Evening,Chinese,839,Medium,4,Scooter,91.6
1.34,4,Medium,Clear,Evening,Indian,754,Medium,2,Scooter,45.8
17.88,6,High,Clear,Night,Indian,249,Low,4,Bike,89.6
10.79,1,Medium,Stormy,Afternoon,Mexican,1009,High,3,Bike,88.4
19.86,3,Medium,Clear,Afternoon,Indian,1315,High,1,Cycle,111.8
1.94,6,Low,Clear,Evening,Indian,1259,Low,10,Bike,26.4
11.3,3,High,Rainy,Afternoon,Chinese,976,Medium,3,Scooter,84.9
19.4,1,High,Rainy,Afternoon,Indian,205,Low,2,Bike,88
10.7,1,Low,Clear,Afternoon,Indian,257,Medium,0,Cycle,63.9
12.77,4,High,Clear,Evening,Italian,169,Medium,9,Scooter,84.3
14.07,1,Medium,Clear,Night,Indian,460,Low,7,Electric,56.5
9.36,6,Low,Clear,Morning,Italian,290,Medium,4,Bike,53.1
12.74,7,Medium,Clear,Night,Indian,464,Medium,3,Scooter,74
11.89,6,Medium,Clear,Evening,Indian,639,Medium,9,Scooter,70.7
18.07,6,Low,Clear,Evening,Mexican,1420,Medium,4,Scooter,91.1
1.39,4,High,Clear,Evening,Mexican,955,Low,3,Bike,44.5
5.98,4,High,Rainy,Evening,Italian,1269,Medium,2,Scooter,93.3
19.03,1,Medium,Stormy,Morning,Indian,1094,Medium,4,Scooter,103.4
17.86,2,Medium,Rainy,Evening,Chinese,258,Medium,3,Scooter,99.9
9.39,2,Medium,Clear,Morning,Mexican,1130,Low,0,Bike,69.5
12.59,4,Medium,Clear,Night,Chinese,485,Medium,2,Bike,66.4
5.91,1,Medium,Stormy,Night,Mexican,995,High,9,Bike,74.5
4.17,2,Low,Clear,Afternoon,Mexican,577,Low,9,Scooter,32.4
9.54,1,Medium,Clear,Morning,Indian,1497,Medium,7,Electric,58.9
7.39,1,High,Clear,Evening,Mexican,469,Low,6,Bike,68.4
11.88,1,Medium,Rainy,Afternoon,Chinese,491,Medium,1,Electric,80.9
2.02,5,Low,Rainy,Night,Mexican,1403,Low,0,Cycle,56.8
19.5,6,High,Clear,Morning,Italian,135,Medium,2,Cycle,100.2
19.73,1,Medium,Clear,Morning,Indian,1075,Medium,4,Bike,76.2
14.11,5,Medium,Stormy,Night,Indian,1115,Medium,9,Scooter,100.2
10.95,4,Low,Clear,Evening,Italian,1271,Medium,10,Bike,65
6.54,2,Medium,Rainy,Evening,Italian,1464,Medium,0,Bike,72.8
16.37,6,High,Rainy,Afternoon,Italian,1466,Medium,2,Bike,96.2
13.85,7,Medium,Rainy,Evening,Mexican,191,Low,2,Electric,99.7
3.67,2,Medium,Clear,Evening,Indian,1251,Low,4,Bike,39.1
18.26,6,High,Clear,Evening,Italian,1005,High,2,Scooter,105
16.54,7,High,Clear,Evening,Mexican,1006,Low,8,Scooter,92.7
19.02,2,High,Rainy,Evening,Italian,280,Medium,0,Cycle,103.1
14.65,6,Medium,Stormy,Afternoon,Chinese,1010,High,3,Bike,107.5
12.46,2,Medium,Clear,Afternoon,Chinese,1475,Low,9,Scooter,61
8.66,2,High,Clear,Evening,Indian,1377,Medium,9,Scooter,65.1
18.69,7,High,Stormy,Morning,Mexican,715,Medium,3,Bike,111.8
17.39,2,Low,Rainy,Evening,Chinese,156,High,0,Bike,94.8
1.38,2,Low,Rainy,Morning,Chinese,607,High,1,Electric,44.1
1.01,7,Medium,Clear,Evening,Mexican,1257,Medium,10,Bike,49.1
7.84,4,High,Clear,Evening,Italian,1082,Low,0,Bike,68.1
16.31,1,Medium,Rainy,Morning,Mexican,743,Medium,5,Bike,80.9
19.75,3,Medium,Rainy,Morning,Italian,177,Medium,2,Electric,97.7
3.43,5,Low,Clear,Morning,Chinese,698,Medium,6,Bike,32.4
12.09,3,Medium,Clear,Evening,Chinese,757,Low,4,Electric,73
7.93,3,High,Clear,Evening,Chinese,1400,Low,8,Electric,70.2
19.41,6,Medium,Clear,Morning,Indian,998,Medium,6,Electric,83.8
16.92,1,High,Clear,Evening,Indian,536,Medium,3,Scooter,92.4
16.85,6,High,Stormy,Afternoon,Indian,835,Medium,4,Scooter,112.8
9.64,1,Medium,Clear,Afternoon,Mexican,192,Medium,4,Scooter,51.5
8.59,7,Medium,Rainy,Night,Chinese,1462,High,10,Scooter,82.8
5.83,7,Medium,Clear,Afternoon,Chinese,604,Medium,4,Scooter,70
1.6,1,High,Rainy,Afternoon,Mexican,769,Low,9,Scooter,47.6
17.36,2,Medium,Stormy,Morning,Indian,597,Low,8,Scooter,86.6
16.35,4,Medium,Clear,Morning,Mexican,1056,Low,9,Bike,66.2
19.99,2,High,Clear,Afternoon,Indian,1027,High,2,Bike,101.5
19.93,4,Medium,Clear,Morning,Chinese,1101,Medium,5,Scooter,87.9
11.33,6,High,Clear,Evening,Italian,475,Medium,7,Bike,72.6
15.5,4,Medium,Rainy,Afternoon,Indian,542,Medium,10,Bike,75.5
18.92,6,Low,Stormy,Evening,Chinese,275,Medium,8,Bike,106.6
17.07,7,Medium,Clear,Morning,Chinese,1018,High,6,Electric,89.7
5.32,3,High,Clear,Afternoon,Italian,156,Medium,2,Scooter,53.6
9.29,7,Medium,Clear,Evening,Chinese,937,Low,0,Scooter,79.7
3.02,7,High,Rainy,Night,Chinese,1318,Low,3,Cycle,63.4
19.1,3,High,Clear,Morning,Indian,1347,Medium,5,Scooter,87.5
12.32,4,Medium,Clear,Night,Indian,729,High,2,Bike,72.6
4.96,4,High,Rainy,Evening,Italian,743,Medium,0,Scooter,72.9
13.6,6,Low,Rainy,Evening,Italian,208,High,5,Scooter,94.1
12.55,2,Medium,Clear,Evening,Chinese,1039,Medium,0,Scooter,78.7
7.48,6,Low,Rainy,Morning,Indian,1250,Low,8,Scooter,48.1
2.71,2,High,Clear,Morning,Italian,443,Low,10,Bike,35.8
13.6,7,Medium,Clear,Evening,Italian,690,Low,0,Bike,85.1
10.65,3,Low,Rainy,Afternoon,Mexican,1274,Medium,5,Scooter,54.3
15.56,7,Medium,Rainy,Night,Italian,1328,Low,0,Scooter,85.3
10.64,1,Medium,Clear,Afternoon,Chinese,440,Medium,6,Scooter,60.8
17.12,4,Low,Clear,Morning,Indian,871,Medium,2,Scooter,67.4
11.26,2,High,Clear,Evening,Italian,369,Medium,5,Electric,77.9
11.44,6,High,Clear,Afternoon,Mexican,243,Low,6,Scooter,77.4
17.59,3,Medium,Clear,Evening,Indian,1376,Medium,0,Bike,83.7
8.37,2,High,Clear,Evening,Italian,1249,Medium,0,Electric,88.8
3.11,6,Medium,Clear,Night,Mexican,1164,Medium,4,Scooter,38.9
1.06,4,High,Rainy,Evening,Italian,168,High,5,Cycle,66.4
15.23,7,Medium,Rainy,Evening,Indian,1281,Low,8,Electric,97
12.6,4,Medium,Rainy,Evening,Indian,713,High,0,Bike,87.6
14.23,5,Low,Clear,Night,Indian,579,Medium,3,Cycle,66.5
4.65,1,High,Stormy,Afternoon,Chinese,865,Medium,9,Bike,73.6
3.16,5,Medium,Rainy,Morning,Italian,228,Medium,7,Bike,50.2
0.78,3,Low,Rainy,Afternoon,Chinese,1159,Medium,9,Scooter,43.5
7.34,2,Low,Rainy,Morning,Indian,915,Low,8,Electric,42.9
12,3,Medium,Stormy,Evening,Mexican,361,Medium,2,Cycle,104.5
8.15,7,Medium,Clear,Evening,Italian,364,Medium,10,Bike,63.8
9.03,6,High,Clear,Evening,Chinese,358,Medium,1,Electric,76.5
18.13,4,High,Rainy,Morning,Italian,180,Medium,3,Bike,108.9
7.29,5,Low,Rainy,Evening,Mexican,923,High,1,Scooter,83.8
10.52,5,High,Rainy,Afternoon,Chinese,1276,Medium,0,Scooter,81.4
15.78,7,Low,Clear,Evening,Indian,124,Low,2,Bike,73.7
8.23,5,High,Clear,Evening,Chinese,169,Medium,6,Bike,80.3
12.63,7,High,Clear,Afternoon,Italian,902,Medium,0,Bike,78.1
17.32,3,Medium,Stormy,Morning,Italian,1247,Medium,1,Electric,97.6
19.02,4,High,Clear,Morning,Italian,557,Medium,0,Electric,99.4
3.37,2,Medium,Clear,Evening,Italian,589,High,7,Cycle,77.8
18.57,6,Medium,Clear,Night,Indian,935,Low,4,Scooter,81.3
10.1,2,High,Clear,Evening,Chinese,484,Medium,7,Cycle,85.3
5.54,3,Medium,Rainy,Morning,Indian,137,High,2,Bike,57
9.45,6,Medium,Rainy,Afternoon,Indian,1129,High,6,Bike,80.2
19.61,5,Medium,Rainy,Evening,Indian,976,Medium,7,Bike,99.2
10.11,1,High,Clear,Evening,Italian,913,High,5,Cycle,99
6.91,3,Medium,Rainy,Morning,Italian,1138,Low,6,Scooter,66.8
12.85,3,Low,Clear,Morning,Italian,1045,High,1,Scooter,82.7
5.18,4,High,Rainy,Evening,Chinese,388,Medium,7,Bike,67.6
1.98,2,High,Clear,Afternoon,Mexican,593,Low,4,Scooter,43.8
3.01,3,Low,Clear,Afternoon,Italian,277,Low,6,Scooter,34.7
3,3,Medium,Rainy,Morning,Chinese,282,Medium,0,Scooter,50.1
3.46,5,Low,Stormy,Evening,Italian,1047,Low,4,Bike,63.5
3.21,5,Medium,Clear,Night,Italian,1302,Medium,0,Scooter,57
13,6,Medium,Rainy,Night,Indian,1448,Low,7,Bike,70
4.05,7,High,Clear,Evening,Indian,980,Low,3,Bike,55.6
7.24,7,Medium,Clear,Evening,Indian,358,Medium,3,Bike,61.2
17.99,1,Medium,Clear,Morning,Chinese,248,Medium,1,Bike,67.8
9.74,7,Medium,Clear,Evening,Mexican,1238,Medium,4,Scooter,80.6
13.52,4,High,Clear,Afternoon,Mexican,910,Medium,0,Cycle,84.6
3.86,1,Medium,Clear,Evening,Chinese,966,High,8,Electric,52.5
4.25,6,High,Clear,Afternoon,Italian,1194,Medium,4,Bike,62.4
1.3,5,Medium,Stormy,Morning,Chinese,1085,Medium,5,Electric,61.7
3.79,7,Low,Clear,Morning,Italian,1268,Medium,1,Bike,40.2
5.93,2,Medium,Rainy,Afternoon,Chinese,179,Low,9,Scooter,57.3
3.95,5,Medium,Clear,Morning,Chinese,1147,Low,9,Scooter,35.6
2.23,4,Medium,Rainy,Morning,Chinese,1291,Medium,0,Bike,38.5
2.85,5,Low,Clear,Night,Mexican,501,High,3,Scooter,54.8
9.49,4,Low,Clear,Afternoon,Indian,997,Low,6,Scooter,42.1
4.52,4,High,Clear,Evening,Chinese,540,Low,5,Bike,52
7.6,4,Medium,Clear,Night,Mexican,1441,Low,9,Scooter,45.3
10.32,6,High,Clear,Night,Indian,147,High,0,Scooter,82.1
13.96,4,Medium,Rainy,Evening,Indian,912,Medium,0,Bike,88.3
1.27,4,Medium,Rainy,Evening,Chinese,333,Low,7,Bike,55.9
16.09,2,Medium,Rainy,Afternoon,Italian,1097,Medium,3,Scooter,98.3
12.74,1,Medium,Rainy,Afternoon,Italian,346,Medium,4,Bike,71.9
2.09,3,Medium,Clear,Afternoon,Italian,430,Medium,6,Electric,39.5
17.53,1,Medium,Clear,Evening,Chinese,792,Low,7,Cycle,81
18.46,4,Low,Clear,Evening,Italian,1381,High,9,Scooter,92.4
1.69,2,Medium,Clear,Afternoon,Mexican,396,Medium,6,Scooter,38.9
5.9,5,Medium,Clear,Morning,Mexican,302,Medium,1,Bike,49.6
16.22,2,High,Clear,Evening,Mexican,1163,Low,3,Scooter,79
15.09,4,High,Clear,Morning,Mexican,801,Medium,9,Electric,67.1
4.1,2,High,Clear,Evening,Indian,1376,Medium,0,Bike,53.2
4.58,7,High,Rainy,Evening,Mexican,305,Medium,9,Bike,82.1
7.72,2,Medium,Rainy,Evening,Italian,1004,Low,8,Electric,71.1
9.95,4,Medium,Clear,Evening,Chinese,426,Medium,2,Electric,72.5
12.56,6,High,Stormy,Night,Italian,319,Low,2,Scooter,101.6
7.69,7,Medium,Stormy,Afternoon,Mexican,1057,Medium,9,Scooter,72.6
9.52,2,Medium,Clear,Evening,Indian,931,High,8,Bike,68.3
15.08,3,Low,Clear,Evening,Mexican,1157,Medium,9,Scooter,61.1
1.22,3,Medium,Clear,Morning,Chinese,533,Medium,2,Cycle,46.4
5.42,2,Medium,Stormy,Morning,Italian,727,Medium,7,Bike,65.9
14.41,6,High,Rainy,Afternoon,Chinese,668,Medium,1,Electric,100.1
17.96,5,Medium,Clear,Afternoon,Chinese,1478,High,2,Cycle,106.2
10.48,4,Medium,Clear,Evening,Chinese,509,Low,1,Bike,71.3
10.88,3,High,Clear,Evening,Italian,513,Medium,0,Scooter,75.4
2.59,5,Low,Clear,Morning,Mexican,596,Medium,1,Bike,43.5
9.22,2,Medium,Clear,Morning,Chinese,890,Medium,7,Scooter,52.6
10.89,5,Low,Rainy,Night,Italian,453,Medium,8,Electric,58.1
5.23,7,High,Rainy,Morning,Indian,1381,Medium,1,Scooter,70.3
5.75,1,High,Rainy,Afternoon,Italian,472,High,6,Bike,75.2
7.86,3,Medium,Rainy,Evening,Indian,1354,High,4,Scooter,73.7
0.89,2,High,Rainy,Evening,Italian,245,Medium,2,Scooter,73
6.78,4,Medium,Clear,Morning,Mexican,1019,Medium,8,Cycle,51.6
4.62,6,High,Rainy,Morning,Chinese,1370,High,5,Cycle,76.7
6.89,7,High,Clear,Morning,Mexican,336,Low,10,Scooter,52.7
2.84,2,High,Rainy,Evening,Italian,1456,Low,0,Scooter,55.8
17.87,4,Low,Clear,Evening,Chinese,734,Medium,4,Bike,74.3
12.08,6,High,Rainy,Morning,Indian,1424,High,6,Bike,84.3
13.74,6,High,Clear,Evening,Italian,1048,High,3,Scooter,98.8
15.89,2,Medium,Clear,Evening,Chinese,522,Medium,7,Bike,60.5
10.22,7,High,Clear,Morning,Indian,364,Low,9,Scooter,67.9
2.19,5,Medium,Clear,Afternoon,Indian,525,Medium,4,Bike,46.8
10.97,5,High,Rainy,Evening,Mexican,230,Low,8,Scooter,92.2
11.94,6,Low,Rainy,Afternoon,Italian,301,Low,8,Bike,57.1
15.04,5,High,Clear,Afternoon,Indian,247,Medium,8,Scooter,79.5
8.92,1,Medium,Clear,Evening,Chinese,692,Low,0,Electric,68.4
2.99,6,Low,Clear,Night,Indian,1214,High,1,Scooter,54
6.03,6,Medium,Clear,Evening,Indian,298,Medium,2,Scooter,72.8
7.58,4,Low,Clear,Evening,Mexican,282,Medium,3,Scooter,58.8
13.1,5,Medium,Rainy,Evening,Mexican,1001,Low,9,Electric,84.5
11.63,7,Medium,Clear,Afternoon,Chinese,376,Medium,8,Bike,58.4
7.44,6,Medium,Clear,Evening,Mexican,237,Low,9,Bike,64.6
19.74,7,Medium,Clear,Afternoon,Indian,334,High,5,Electric,97.1
12.31,1,Medium,Clear,Morning,Indian,1393,High,0,Electric,72.5
5.13,4,High,Clear,Evening,Mexican,1250,Medium,8,Bike,61.8
2.48,2,Low,Rainy,Evening,Indian,596,Low,5,Scooter,29.8
3.48,7,High,Clear,Afternoon,Indian,1018,High,3,Bike,58.5
5.3,6,High,Clear,Night,Chinese,852,Medium,3,Scooter,64.2
3.63,1,Medium,Clear,Morning,Mexican,1048,Low,2,Bike,35.1
4.14,3,Medium,Clear,Afternoon,Indian,1056,Medium,6,Bike,46
6.06,1,High,Clear,Morning,Mexican,980,High,2,Bike,65.2
3.88,1,Low,Stormy,Evening,Chinese,473,Low,1,Bike,52.7
17.99,4,Low,Rainy,Evening,Mexican,155,Low,9,Bike,80.5
2.06,2,Medium,Clear,Afternoon,Indian,738,High,7,Electric,46.1
10.73,3,High,Clear,Evening,Mexican,1347,Low,3,Scooter,79.2
8.5,5,Low,Clear,Afternoon,Indian,897,Low,7,Scooter,44.2
19.66,5,Medium,Clear,Evening,Indian,1265,Medium,0,Bike,85
2.68,7,High,Rainy,Afternoon,Indian,1488,High,4,Electric,73.6
8.26,1,High,Rainy,Afternoon,Chinese,329,Medium,8,Scooter,73.7
19.4,4,Medium,Clear,Night,Mexican,1068,High,0,Scooter,104.7
17.38,4,Low,Clear,Afternoon,Chinese,1044,Medium,10,Scooter,72.1
16.43,5,High,Clear,Morning,Mexican,1472,Low,3,Scooter,72.9
5.53,7,Medium,Rainy,Evening,Chinese,1480,High,5,Electric,79.9
3.83,7,Low,Rainy,Night,Italian,1061,Medium,9,Bike,53.5
13.54,7,Low,Clear,Afternoon,Indian,441,Low,7,Bike,64.3
18.62,3,High,Clear,Morning,Indian,1218,Medium,2,Bike,88.9
11.36,2,Medium,Rainy,Afternoon,Chinese,250,Medium,4,Bike,70.5
11.65,3,High,Clear,Evening,Italian,1193,Low,6,Scooter,81.2
5.96,6,High,Clear,Morning,Indian,1374,Low,0,Scooter,53.1
15.51,6,Medium,Clear,Evening,Mexican,636,Medium,6,Cycle,94.3
4.15,2,Medium,Rainy,Night,Chinese,983,High,10,Scooter,62.9
6.81,5,Medium,Clear,Afternoon,Indian,702,Medium,7,Cycle,63.8
8.8,2,Medium,Clear,Afternoon,Indian,713,High,7,Scooter,65.4
10.4,4,Medium,Rainy,Afternoon,Chinese,535,Low,8,Scooter,70.6
5.23,6,High,Clear,Morning,Chinese,1167,Low,5,Scooter,46.8
2.74,1,Medium,Clear,Night,Mexican,1411,Low,5,Bike,33.5
12.41,1,High,Clear,Afternoon,Mexican,1417,Low,1,Scooter,64.5
6.13,5,Medium,Clear,Afternoon,Indian,345,Low,2,Electric,50.9
11.83,4,Medium,Rainy,Evening,Indian,1325,Medium,3,Scooter,77.8
3.51,3,Medium,Clear,Afternoon,Chinese,1132,High,3,Bike,53.5
9.88,4,Medium,Clear,Evening,Indian,454,High,7,Electric,64.7
10.89,1,High,Clear,Morning,Indian,194,Low,0,Electric,67.4
1.51,1,Medium,Rainy,Evening,Chinese,475,High,9,Electric,61
7.06,6,Medium,Rainy,Night,Indian,1377,Medium,3,Scooter,79.3
3.12,4,Low,Clear,Evening,Indian,986,Low,10,Scooter,34.6
1.74,4,Medium,Clear,Night,Italian,1109,High,10,Cycle,52.1
19.8,1,Medium,Rainy,Morning,Mexican,460,Medium,10,Scooter,92.1
6.79,3,Medium,Clear,Afternoon,Chinese,1107,Low,3,Scooter,48.8
16.29,5,High,Rainy,Evening,Italian,139,Medium,0,Electric,112.9
5.47,7,Medium,Rainy,Evening,Mexican,625,Low,2,Bike,74.9
13.79,5,High,Rainy,Afternoon,Mexican,977,Medium,4,Bike,89
15.32,4,Medium,Clear,Afternoon,Mexican,305,Medium,5,Electric,86.5
12.11,5,Medium,Clear,Morning,Italian,1252,High,8,Bike,61.9
9.7,1,Low,Rainy,Afternoon,Italian,429,Low,8,Bike,62.6
8.53,1,Medium,Clear,Morning,Mexican,1013,Medium,8,Bike,38.3
7.3,4,Medium,Clear,Evening,Indian,667,Medium,10,Scooter,67.4
18.63,4,Medium,Rainy,Morning,Indian,934,Medium,0,Scooter,82.4
16.7,7,Low,Rainy,Morning,Italian,250,Medium,8,Electric,97.3
19.32,7,Low,Clear,Evening,Italian,124,Medium,7,Electric,93.6
2.92,6,Medium,Clear,Evening,Italian,1373,High,1,Electric,63
14.75,4,High,Clear,Night,Mexican,477,High,10,Cycle,103.1
18.8,3,Medium,Rainy,Evening,Indian,1248,High,0,Electric,105
4.03,5,Medium,Stormy,Afternoon,Italian,1499,High,0,Scooter,80.2
1.8,4,Low,Clear,Evening,Italian,396,Medium,5,Scooter,59.1
14.95,2,Medium,Clear,Evening,Chinese,471,High,8,Cycle,93
11.7,6,Medium,Rainy,Morning,Mexican,1028,Medium,6,Cycle,71.5
16.92,2,Medium,Clear,Evening,Chinese,1452,Medium,4,Scooter,83.2
3.23,1,Medium,Clear,Night,Indian,1382,Medium,10,Scooter,34.4
16.01,7,Low,Stormy,Afternoon,Chinese,804,Medium,1,Scooter,98.1
4.43,5,Low,Clear,Afternoon,Chinese,1213,Low,0,Cycle,46.3
3.69,4,Medium,Rainy,Morning,Chinese,290,High,1,Bike,64.9
3.7,2,Low,Clear,Morning,Mexican,1468,Medium,0,Bike,26.1
16.38,5,Low,Clear,Afternoon,Indian,1450,Low,2,Scooter,65
13.47,1,Medium,Rainy,Evening,Chinese,329,Medium,5,Cycle,92
10.7,7,High,Clear,Morning,Mexican,519,Low,7,Bike,61.5
7.5,3,Medium,Stormy,Night,Indian,240,Low,2,Bike,74.6
17.61,6,Medium,Clear,Evening,Italian,480,Low,9,Scooter,82.2
8.15,5,Medium,Clear,Evening,Chinese,1242,Medium,8,Bike,63.9
16.42,5,High,Clear,Evening,Indian,630,Medium,9,Electric,92.5
9.06,3,Medium,Clear,Morning,Chinese,224,Medium,4,Scooter,50.7
7.85,5,Low,Clear,Afternoon,Italian,579,Medium,6,Scooter,52.9
9.52,1,Medium,Clear,Evening,Indian,1474,Medium,7,Cycle,60.2
6.38,1,Low,Clear,Evening,Mexican,982,Medium,2,Bike,46.6
15.08,3,Medium,Clear,Evening,Indian,683,Medium,1,Scooter,82.8
10.3,6,Medium,Rainy,Afternoon,Mexican,333,Medium,1,Scooter,71.6
5.03,4,High,Rainy,Night,Indian,1481,Low,4,Scooter,64.9
18.04,2,Medium,Rainy,Morning,Mexican,1249,Low,0,Electric,89.7
7.99,4,High,Clear,Night,Italian,494,Medium,1,Bike,69.6
11.1,5,High,Clear,Night,Italian,198,Medium,8,Bike,71.5
18.18,2,Low,Rainy,Morning,Italian,179,Low,6,Bike,66.9
12.67,3,Medium,Clear,Evening,Indian,269,Low,5,Scooter,69.2
2.78,3,Medium,Clear,Morning,Italian,913,High,8,Electric,53.4
18.83,6,Medium,Rainy,Afternoon,Chinese,1400,High,6,Bike,95.3
12.74,2,Medium,Rainy,Evening,Italian,795,Medium,10,Scooter,76.2
7.03,1,High,Clear,Evening,Mexican,1280,Medium,4,Bike,63.2
3.22,2,High,Clear,Night,Mexican,724,Medium,8,Bike,44
15.98,5,Medium,Rainy,Evening,Mexican,1092,High,5,Bike,102.4
12.59,1,Medium,Clear,Afternoon,Indian,1125,High,5,Scooter,69.2
10.9,7,High,Rainy,Evening,Chinese,344,Low,10,Electric,88.7
17.93,7,High,Rainy,Night,Italian,606,High,3,Electric,122.9
15.88,7,High,Rainy,Morning,Chinese,992,Low,0,Scooter,97.4
3.46,3,Low,Clear,Night,Chinese,199,Low,4,Scooter,32.1
6.58,2,Medium,Clear,Morning,Mexican,606,Medium,10,Scooter,39.8
5.35,7,Low,Rainy,Evening,Mexican,849,Medium,8,Electric,61.7
15.01,4,Medium,Rainy,Afternoon,Mexican,1495,High,7,Bike,95.4
1.15,6,Low,Rainy,Morning,Indian,764,Low,7,Scooter,32.9
11.61,4,Medium,Clear,Afternoon,Chinese,1242,Medium,4,Scooter,61.8
15.37,7,Medium,Clear,Evening,Chinese,705,High,8,Scooter,105.7
17.6,6,Low,Rainy,Afternoon,Indian,1215,High,2,Bike,101.9
7.17,5,Medium,Rainy,Morning,Indian,934,Low,2,Cycle,65.5
16.51,4,Medium,Stormy,Evening,Indian,1341,Medium,0,Electric,103.8
2.66,2,Medium,Rainy,Night,Chinese,675,Medium,8,Bike,51.2
17.01,2,Low,Clear,Afternoon,Chinese,946,Low,5,Bike,59.6
2.99,4,Medium,Rainy,Morning,Mexican,982,High,1,Scooter,68.2
8.25,7,High,Rainy,Afternoon,Mexican,684,High,7,Scooter,84
16.05,2,Low,Clear,Morning,Chinese,302,Low,8,Cycle,73.2
3.42,5,Low,Rainy,Evening,Mexican,231,Low,8,Scooter,48.1
4.97,1,Medium,Clear,Evening,Indian,123,Low,1,Scooter,63.5
14.58,7,High,Clear,Evening,Italian,1323,High,1,Electric,107.5
14.54,5,Medium,Rainy,Afternoon,Mexican,431,Low,6,Cycle,95.6
13,6,Medium,Clear,Evening,Chinese,396,Medium,10,Scooter,74.3
14.03,5,Medium,Clear,Evening,Mexican,1130,Medium,3,Scooter,75.9
11.08,7,Medium,Clear,Evening,Mexican,548,Medium,0,Scooter,67.4
5.41,6,Low,Clear,Evening,Mexican,808,Low,7,Electric,58
7.24,7,Medium,Clear,Evening,Italian,328,Low,1,Scooter,67.4
4.04,2,High,Clear,Evening,Indian,1444,High,2,Scooter,59.4
18.21,1,Medium,Stormy,Afternoon,Chinese,1292,High,4,Bike,112.5
11.88,7,High,Clear,Night,Italian,1309,Medium,2,Scooter,88.9
8.32,7,High,Clear,Evening,Chinese,669,Low,6,Scooter,80
9.51,2,Low,Clear,Evening,Chinese,1167,Medium,6,Scooter,49.1
18.97,3,High,Rainy,Morning,Chinese,301,Medium,1,Scooter,107.8
3.49,2,Low,Clear,Evening,Italian,112,Low,6,Scooter,41.4
11.93,6,Medium,Rainy,Evening,Indian,128,High,10,Scooter,99.4
10.36,2,Low,Rainy,Morning,Chinese,921,Medium,5,Bike,61.2
12.42,2,Low,Rainy,Morning,Indian,738,Low,9,Scooter,57.7
0.85,1,Medium,Clear,Evening,Indian,825,High,8,Bike,52.4
17.51,2,Medium,Rainy,Evening,Mexican,110,High,8,Bike,105.1
18.68,7,Medium,Clear,Evening,Italian,692,Low,1,Bike,100.1
11.52,1,Medium,Stormy,Morning,Italian,1105,Medium,6,Scooter,77.8
14.08,4,Low,Rainy,Evening,Mexican,720,Medium,4,Scooter,82.8
18.49,3,Low,Clear,Morning,Mexican,1125,Medium,5,Bike,60.3
14.29,1,Medium,Clear,Afternoon,Indian,426,Low,0,Bike,60.9
3.47,6,Medium,Clear,Morning,Chinese,1238,Medium,6,Bike,48.8
11.74,4,High,Rainy,Morning,Italian,924,High,5,Scooter,93.7
12.33,1,Medium,Clear,Morning,Chinese,395,Medium,3,Electric,58.7
8.77,1,High,Clear,Afternoon,Chinese,431,Low,0,Scooter,68.1
14.86,3,Medium,Clear,Morning,Mexican,979,Medium,8,Scooter,87.7
18.72,7,Medium,Rainy,Afternoon,Chinese,1262,Medium,3,Cycle,101.1
18.55,6,Medium,Rainy,Evening,Indian,682,High,1,Scooter,111.5
9.29,5,Medium,Rainy,Afternoon,Mexican,462,Medium,7,Cycle,74.8
2.71,5,Medium,Rainy,Afternoon,Chinese,1314,Low,1,Bike,51.1
19.7,1,High,Clear,Evening,Mexican,1037,Low,4,Bike,93
16.86,2,Medium,Clear,Morning,Indian,727,Medium,10,Electric,68
2.93,6,High,Rainy,Evening,Indian,783,Low,5,Cycle,70.7
18.46,4,High,Clear,Morning,Chinese,386,Medium,10,Bike,83.7
17.46,2,High,Clear,Morning,Mexican,978,Low,7,Scooter,80.3
10.62,2,High,Clear,Evening,Chinese,602,Medium,10,Cycle,87.3
12.03,6,Medium,Clear,Evening,Chinese,1494,Medium,0,Scooter,81
8.28,7,Medium,Clear,Night,Mexican,772,High,0,Scooter,69.8
1.57,1,Medium,Rainy,Evening,Chinese,780,High,3,Scooter,66.8
7.04,1,Medium,Clear,Night,Indian,892,Low,4,Cycle,53.1
16.16,1,Medium,Clear,Morning,Mexican,1383,Medium,8,Bike,66.9
0.59,1,High,Clear,Morning,Mexican,1221,Low,10,Electric,36.9
7,5,Medium,Rainy,Morning,Mexican,732,Medium,6,Scooter,62.1
8.26,1,Medium,Clear,Morning,Mexican,1106,Medium,6,Electric,50.4
10.98,5,Low,Rainy,Evening,Chinese,921,High,7,Bike,68.4
18.44,5,Medium,Rainy,Evening,Chinese,789,High,4,Bike,106.2
7.25,7,Low,Clear,Morning,Indian,369,Medium,4,Bike,36.7
7.27,1,High,Stormy,Night,Italian,750,Medium,0,Scooter,78.8
14.88,3,Medium,Stormy,Evening,Italian,444,High,8,Bike,109.4
9.32,4,Low,Rainy,Afternoon,Indian,1381,High,5,Bike,58.3
4.88,2,Low,Rainy,Morning,Italian,570,Low,8,Electric,42.3
9.32,5,Medium,Clear,Morning,Indian,1433,Medium,2,Bike,59
3.25,6,Medium,Clear,Morning,Chinese,846,Medium,4,Bike,43.3
3.94,6,Medium,Clear,Morning,Mexican,984,Low,1,Bike,41.4
10.22,4,Low,Clear,Evening,Mexican,860,Low,9,Scooter,58.1
8.67,6,Medium,Stormy,Morning,Chinese,281,Low,4,Scooter,78.1
18.34,3,Medium,Clear,Afternoon,Mexican,626,Medium,7,Cycle,88.2
7.57,6,Medium,Rainy,Night,Mexican,239,Low,10,Cycle,65.4
11.82,2,Medium,Rainy,Evening,Italian,972,Low,1,Scooter,86.1
12.83,2,Medium,Rainy,Night,Chinese,726,Low,7,Electric,64
0.76,5,Medium,Stormy,Morning,Italian,1189,High,3,Bike,70.7
13.44,1,High,Clear,Afternoon,Italian,409,High,9,Electric,85.2
3.97,7,Medium,Clear,Evening,Mexican,330,Medium,9,Bike,57.2
19.24,3,Medium,Clear,Morning,Mexican,669,Medium,0,Bike,83.5
3.4,5,Low,Clear,Morning,Chinese,1397,High,4,Electric,35.3
8.59,3,Medium,Clear,Evening,Mexican,1095,Low,0,Bike,70.3
2.16,1,Low,Clear,Evening,Mexican,686,Low,6,Electric,40.3
19.94,6,Medium,Rainy,Afternoon,Chinese,824,Low,7,Scooter,88.9
10.29,6,High,Clear,Afternoon,Mexican,218,Low,2,Scooter,76.1
12.11,7,Medium,Clear,Afternoon,Italian,1478,Medium,2,Cycle,83.7
1.81,1,Low,Rainy,Morning,Chinese,1033,High,6,Bike,37.9
15.12,5,Low,Clear,Afternoon,Mexican,500,Medium,3,Bike,76.7
4.59,7,Medium,Clear,Morning,Indian,920,Medium,2,Cycle,55.2
18.01,1,Low,Rainy,Morning,Chinese,253,High,7,Scooter,91.5
4.5,4,Low,Rainy,Night,Chinese,1452,Low,2,Electric,52.3
4.22,2,High,Rainy,Evening,Indian,345,Low,6,Bike,66.7
1.21,7,Medium,Clear,Evening,Mexican,1007,Medium,1,Cycle,65.4
9.71,7,Medium,Rainy,Afternoon,Mexican,444,Medium,10,Bike,76
11.51,5,High,Rainy,Afternoon,Chinese,1105,Low,10,Bike,76.6
1.78,3,Low,Clear,Morning,Chinese,1188,Medium,0,Electric,30.6
15.62,4,High,Rainy,Morning,Mexican,1043,Medium,5,Cycle,98.4
9.34,5,Medium,Rainy,Morning,Mexican,960,Medium,7,Scooter,75.1
10.73,1,High,Clear,Evening,Italian,1349,Medium,0,Cycle,89.6
9.09,1,Medium,Clear,Evening,Chinese,210,Medium,9,Cycle,69.8
8.31,1,High,Stormy,Evening,Chinese,563,Low,8,Electric,70.9
11.41,1,High,Rainy,Afternoon,Indian,448,Medium,2,Scooter,78.6
3.53,3,Medium,Clear,Night,Italian,1483,Low,2,Electric,43.2
4.05,4,High,Rainy,Morning,Mexican,645,High,3,Cycle,70.7
17.3,6,Medium,Clear,Afternoon,Italian,1126,Medium,10,Electric,90.7
18.95,2,Medium,Clear,Afternoon,Mexican,1059,Medium,0,Scooter,74.2
7.78,3,Medium,Clear,Evening,Mexican,397,Medium,8,Electric,69.2
5.78,3,Medium,Stormy,Night,Italian,435,Medium,10,Electric,78.9
13.06,6,Low,Stormy,Morning,Chinese,494,Medium,2,Electric,85.2
8.47,6,Medium,Clear,Night,Mexican,676,High,9,Scooter,66.3
1,2,Medium,Clear,Evening,Italian,428,High,3,Scooter,60.5
3.54,2,High,Clear,Morning,Indian,128,Medium,0,Bike,43.3
14.46,6,High,Stormy,Afternoon,Italian,1331,Low,3,Scooter,106.3
13.35,1,Medium,Stormy,Afternoon,Indian,1452,Medium,0,Scooter,83.4
1.03,3,Medium,Rainy,Night,Mexican,578,Medium,4,Scooter,42.4
4.83,5,Medium,Rainy,Morning,Italian,574,Low,4,Bike,55.9
5.01,2,Low,Rainy,Evening,Italian,110,Low,10,Bike,48.4
13.6,2,Low,Clear,Afternoon,Indian,1052,High,6,Scooter,56.1
0.88,6,Medium,Clear,Evening,Italian,1256,Low,7,Scooter,54.5
2.53,4,Medium,Clear,Afternoon,Italian,305,Medium,3,Cycle,51
16.1,5,High,Rainy,Evening,Mexican,324,Medium,6,Bike,105.2
3.98,5,Medium,Rainy,Evening,Italian,1206,Medium,3,Scooter,79.3
13.23,2,Medium,Clear,Evening,Chinese,963,Low,2,Scooter,73.4
5.14,1,Medium,Stormy,Night,Indian,163,High,5,Electric,81
2.44,4,Low,Clear,Morning,Italian,972,Medium,3,Electric,33.1
5.24,5,Medium,Clear,Evening,Indian,532,Medium,2,Electric,70.9
14.58,2,Medium,Rainy,Morning,Indian,616,Medium,8,Electric,72.7
17.19,5,Medium,Rainy,Afternoon,Indian,1178,Medium,4,Scooter,88.6
16.69,7,Medium,Rainy,Evening,Italian,1235,High,6,Bike,98.9
8.25,4,High,Clear,Afternoon,Italian,660,Medium,5,Cycle,75.2
13.53,4,High,Clear,Evening,Indian,1426,Medium,9,Bike,84.2
4.5,7,Medium,Rainy,Night,Chinese,669,High,4,Scooter,74.9
6.22,3,Medium,Clear,Morning,Indian,1181,Medium,6,Bike,36.9
17.98,7,Medium,Clear,Evening,Chinese,777,Low,10,Bike,86.7
0.75,6,Medium,Rainy,Afternoon,Indian,1357,Low,5,Scooter,49.4
2.17,6,Medium,Clear,Morning,Mexican,1371,High,9,Bike,50.7
4.55,2,Low,Rainy,Morning,Indian,222,Medium,1,Scooter,42.1
1.02,4,Medium,Rainy,Night,Indian,1411,Medium,2,Scooter,35.3
4.04,3,Medium,Clear,Night,Italian,1256,Medium,1,Scooter,54.2
11.87,3,Medium,Clear,Night,Chinese,1208,Low,2,Scooter,61.1
8.72,5,High,Rainy,Night,Mexican,381,Medium,0,Scooter,83
17.91,5,High,Rainy,Morning,Chinese,1227,Low,7,Electric,93.5
16.44,7,High,Rainy,Afternoon,Mexican,1290,Medium,5,Cycle,109
7.17,3,Medium,Rainy,Evening,Indian,505,Medium,1,Cycle,83.2
5.56,7,High,Rainy,Afternoon,Italian,1433,Medium,7,Scooter,63.1
7.9,7,Low,Stormy,Afternoon,Italian,170,Medium,5,Bike,81.1
12.01,5,High,Clear,Afternoon,Chinese,310,High,6,Bike,79.8
5.73,4,Low,Clear,Evening,Italian,853,Medium,10,Bike,58.1
12.67,7,High,Clear,Evening,Chinese,906,Low,0,Bike,81.4
8.48,1,Medium,Clear,Morning,Chinese,1003,Low,6,Electric,44
11.26,4,High,Clear,Afternoon,Mexican,124,Medium,2,Electric,77.1
9,3,High,Clear,Evening,Chinese,1445,High,10,Bike,78
6.24,3,Low,Stormy,Evening,Mexican,162,High,7,Scooter,76.3
18.99,7,Medium,Clear,Morning,Italian,300,High,5,Bike,97.4
15.39,4,High,Clear,Evening,Chinese,120,Medium,3,Bike,87.4
3.23,5,Medium,Clear,Morning,Chinese,894,Medium,10,Bike,39.8
17.44,5,High,Clear,Afternoon,Indian,1405,Medium,7,Bike,99.3
10,6,Medium,Clear,Evening,Chinese,1032,Low,8,Bike,66.4
17.94,3,Medium,Clear,Evening,Chinese,1252,Low,9,Bike,81.6
16.1,2,Medium,Clear,Afternoon,Indian,119,High,1,Scooter,74.8
8.79,6,Medium,Rainy,Evening,Indian,859,Low,5,Scooter,82.1
0.94,5,High,Rainy,Evening,Italian,743,Low,4,Scooter,69.8
5.74,4,Medium,Rainy,Evening,Chinese,799,Low,4,Electric,62.7
11.06,5,Medium,Rainy,Evening,Italian,201,High,9,Bike,95
12.85,4,Medium,Clear,Evening,Italian,1058,Medium,10,Bike,76.1
5.53,6,Medium,Rainy,Afternoon,Indian,805,Medium,2,Bike,63.9
3.22,3,High,Rainy,Morning,Mexican,1171,High,7,Bike,71.1
16.78,5,High,Clear,Afternoon,Italian,779,Medium,7,Electric,88.2
19.7,7,Medium,Rainy,Afternoon,Mexican,309,Medium,4,Bike,97
10.75,4,High,Clear,Evening,Chinese,1008,Low,7,Bike,71.9
3.85,3,High,Rainy,Evening,Indian,341,Low,9,Bike,62.9
5.81,2,Medium,Stormy,Afternoon,Chinese,1321,High,7,Scooter,81.1
0.86,4,High,Clear,Morning,Chinese,958,Medium,2,Bike,43
18.33,6,Medium,Rainy,Afternoon,Indian,320,Medium,1,Cycle,99.1
2.8,2,Low,Rainy,Afternoon,Chinese,1447,Medium,8,Scooter,57.4
11.74,2,High,Stormy,Evening,Indian,826,Medium,1,Bike,91.2
5.84,1,Medium,Clear,Morning,Mexican,202,Low,8,Bike,37.6
11.31,5,High,Rainy,Evening,Chinese,978,Low,3,Electric,94.6
13.2,4,High,Clear,Night,Indian,454,Low,1,Scooter,80.3
16.68,2,Low,Clear,Morning,Italian,1225,Low,9,Cycle,62.9
4.53,1,High,Clear,Afternoon,Chinese,1245,High,0,Cycle,56.6
0.71,6,Medium,Stormy,Morning,Mexican,1471,Low,3,Scooter,53.4
3.17,3,Medium,Rainy,Evening,Indian,803,Low,8,Cycle,64.8
18.05,7,Medium,Rainy,Evening,Chinese,737,Medium,8,Scooter,106.7
17.54,7,High,Stormy,Afternoon,Chinese,1155,High,3,Scooter,125.6
12.15,4,Low,Clear,Evening,Chinese,285,Low,8,Scooter,64.8
12.21,2,Medium,Clear,Night,Mexican,866,Low,5,Scooter,68.6
13.47,7,Medium,Clear,Morning,Indian,865,Medium,0,Bike,68.5
3.92,5,High,Clear,Morning,Italian,225,Medium,9,Scooter,45.7
18.33,7,Medium,Clear,Night,Italian,685,Medium,5,Bike,89.6
8.67,7,Low,Clear,Evening,Italian,1295,High,8,Bike,62.1
7.97,7,Medium,Clear,Night,Indian,1299,High,1,Cycle,68.3
10.62,1,Medium,Clear,Evening,Italian,239,Medium,5,Electric,78.4
1.42,2,High,Clear,Evening,Mexican,227,Medium,1,Bike,55.4
3.74,5,Medium,Clear,Afternoon,Indian,468,Medium,3,Bike,47.2
14.89,2,Medium,Stormy,Evening,Chinese,1325,Low,7,Scooter,93.3
2.11,4,High,Rainy,Night,Mexican,280,High,6,Bike,64
12.26,4,Low,Stormy,Evening,Chinese,1108,Medium,10,Bike,90
5.28,4,High,Clear,Morning,Italian,242,Low,8,Scooter,41.3
8.09,6,Medium,Clear,Afternoon,Mexican,972,Medium,6,Scooter,52.3
6.13,7,High,Rainy,Morning,Indian,598,Low,0,Scooter,63.2
7.44,6,Medium,Clear,Morning,Mexican,1204,Medium,1,Bike,59.7
14.52,1,Low,Clear,Afternoon,Chinese,427,Medium,5,Cycle,78.6
6.29,4,High,Clear,Evening,Indian,995,Medium,6,Bike,69.3
11.54,5,High,Clear,Evening,Mexican,430,High,2,Scooter,95.7
9.78,2,High,Clear,Afternoon,Mexican,1099,Low,8,Bike,58.2
13.44,7,Low,Clear,Evening,Mexican,1323,Medium,6,Scooter,67.5
18.77,3,High,Rainy,Morning,Mexican,278,Medium,5,Scooter,101.5
14.79,5,High,Clear,Morning,Indian,1313,Medium,5,Bike,89.6
4.69,7,Medium,Clear,Morning,Chinese,931,Medium,0,Scooter,52.8
1.11,6,High,Rainy,Evening,Mexican,278,Medium,4,Scooter,66
5.61,6,High,Clear,Morning,Indian,699,Medium,9,Scooter,54.2
12.1,5,Medium,Clear,Afternoon,Chinese,325,Low,2,Bike,68.2
1.5,6,Low,Rainy,Afternoon,Mexican,1080,High,6,Electric,56.8
10.18,4,Medium,Clear,Evening,Chinese,1162,Medium,9,Bike,71.5
12.14,1,Low,Clear,Morning,Chinese,248,Medium,2,Cycle,60.4
7.02,2,Medium,Clear,Evening,Indian,809,Low,4,Scooter,52.7
15.53,1,Medium,Clear,Evening,Chinese,1240,Low,6,Bike,73.1
2.58,7,Low,Clear,Evening,Indian,1411,Medium,2,Bike,43.5
1.97,2,Medium,Rainy,Night,Mexican,819,High,9,Scooter,65
14.7,2,Low,Clear,Morning,Chinese,1430,Medium,1,Scooter,68.1
10.16,1,High,Clear,Morning,Chinese,850,High,5,Scooter,63.3
13.92,5,High,Clear,Night,Italian,652,Medium,7,Bike,74.6
8.98,2,Low,Clear,Afternoon,Mexican,1287,Medium,3,Scooter,55
5.3,1,High,Rainy,Evening,Mexican,790,Low,8,Bike,64.1
16.47,2,Medium,Clear,Evening,Italian,761,High,7,Scooter,92.8
16.09,3,Medium,Clear,Evening,Italian,786,Low,6,Scooter,79
14.05,5,Low,Clear,Night,Indian,1285,High,6,Cycle,79.7
5.81,4,Medium,Clear,Night,Indian,1265,High,2,Cycle,64.3
12.01,2,High,Clear,Evening,Chinese,665,High,5,Scooter,89.4
7.54,3,High,Rainy,Afternoon,Chinese,567,Medium,4,Scooter,77.6
2.29,4,Low,Clear,Night,Chinese,789,Medium,0,Scooter,47.4
18.39,4,Low,Clear,Morning,Chinese,902,Medium,10,Scooter,66.9
3.17,7,Medium,Clear,Morning,Indian,434,Low,2,Scooter,43.2
19.03,2,Medium,Rainy,Night,Mexican,1212,Medium,0,Electric,90.3
9.2,1,Medium,Clear,Afternoon,Chinese,781,Low,3,Bike,61.7
